id,ime
67,"Yamaguchi, Kappei"
65,"Miyano, Mamoru"
292,"Nakamura, Shidou"
4,"Hirano, Aya"
181,"Hidaka, Noriko"
42,"Matsukaze, Masaya"
294,"Saito, Kimiko"
286,"Sasaki, Nozomu"
338,"Uchida, Naoya"
295,"Nishimura, Tomohiro"
8170,"Maruyama, Masao"
6758,"Tamura, Manabu"
5088,"Araki, Tetsurou"
39384,"Yamada, Chiaki"
5142,"Ishikawa, Yui"
672,"Kaji, Yuki"
158,"Inoue, Marina"
118,"Kamiya, Hiroshi"
212,"Ono, Daisuke"
82,"Park, Romi"
34,"Kobayashi, Yuu"
5295,"Shimamura, Yuu"
196,"Taniyama, Kishou"
5626,"Hosoya, Yoshimasa"
40365,"Wada, Jouji"
42800,"Yabuta, Shuuhei"
16749,"Mima, Masafumi"
8,"Kugimiya, Rie"
22,"Miki, Shinichiro"
63,"Fujiwara, Keiji"
513,"Nakamura, Yuuichi"
152,"Orikasa, Fumiko"
912,"Soumi, Youko"
46,"Takamoto, Megumi"
138,"Utsumi, Kenji"
203,"Cook, Justin"
6232,"Irie, Yasuhiro"
31677,"Sueda, Yoshifumi"
11817,"Matsuoka, Yoshitsugu"
890,"Tomatsu, Haruka"
6996,"Taketatsu, Ayana"
762,"Itou, Kanae"
5250,"Hidaka, Rina"
125,"Hirata, Hiroaki"
823,"Takagaki, Ayahi"
869,"Hayami, Saori"
11,"Yamadera, Kouichi"
25,"Yasumoto, Hiroki"
14031,"Iwakami, Atsuhiro"
9323,"Mori, Yasunori"
42211,"Miki, Kazuma"
10801,"Itou, Tomohiko"
17635,"Furukawa, Makoto"
20156,"Ishikawa, Kaito"
6686,"Yuuki, Aoi"
98,"Hatano, Wataru"
173,"Onosaka, Masaya"
6755,"Yamaji, Kazuhiro"
46598,"Hosoya, Nobuyuki"
28579,"Natsume, Shingo"
30689,"Hata, Shouji"
39348,"Ushijima, Shinichirou"
14321,"Kobori, Yurie"
21517,"Amamiya, Sora"
79,"Sakurai, Takahiro"
600,"Toyonaga, Toshiyuki"
90,"Sakamoto, Maaya"
185,"Hanazawa, Kana"
87,"Namikawa, Daisuke"
6564,"Morita, Shuuhei"
37396,"Haraguchi, Noboru"
9464,"Matsubayashi, Tadahito"
47418,"Kyougoku, Yoshiaki"
21971,"Yamashita, Daiki"
270,"Okamoto, Nobuhiko"
720,"Miyake, Kenta"
11622,"Sakura, Ayane"
95,"Suwabe, Junichi"
12017,"Masuda, Toshiki"
13677,"Nagasaki, Kenji"
2471,"Kuroda, Yousuke"
8743,"Ishihira, Shinji"
15,"Takeuchi, Junko"
21,"Inoue, Kazuhiko"
16,"Sugiyama, Noriaki"
300,"Nakamura, Chie"
412,"Ishikawa, Hideo"
96,"Canna, Nobutoshi"
17,"Ishida, Akira"
81,"Mizuki, Nana"
337,"Ootsuka, Houchuu"
6,"Morikawa, Toshiyuki"
16407,"Kobayashi, Noriko"
5843,"Date, Hayato"
8110,"Ebina, Yasunori"
10805,"Wakabayashi, Atsushi"
8662,"Imai, Asami"
1,"Seki, Tomokazu"
27,"Tamura, Yukari"
258,"Momoi, Haruko"
211,"Gotou, Saori"
563,"Terasoma, Masaki"
12477,"Yamamoto, Ayano"
16015,"Iwasa, Gaku"
32079,"Yasuda, Takeshi"
6369,"Hamasaki, Hiroshi"
9572,"Satou, Takuya"
655,"Ise, Mariya"
12961,"Han, Megumi"
99,"Sawashiro, Miyuki"
1764,"Uchiyama, Kouki"
330,"Ginga, Banjou"
247,"Fujimura, Ayumi"
7500,"Nakatani, Toshio"
10223,"Koujina, Hiroshi"
1133,"Sakurai, Harumi"
413,"Kitamura, Eri"
1762,"Kimura, Ryouhei"
10164,"Rivas, Michael"
287,"Ogata, Megumi"
9862,"Saito, Fuko"
6804,"Takagi, Shun"
9675,"Horikawa, Kenji"
48090,"Toba, Yousuke"
6909,"Kishi, Seiji"
35787,"Iida, Satoki"
86,"Fukuyama, Jun"
140,Yukana
70,"Koshimizu, Ami"
109,"Narita, Ken"
218,"Shiratori, Tetsu"
323,"Minami, Omi"
78,"Nazuka, Kaori"
62,"Minagawa, Junko"
40009,"Maseba, Yutaka"
3066,"Taniguchi, Gorou"
16277,"Urakami, Yasuo"
48662,"Izawa, Motoi"
207,"Fukuen, Misato"
50533,"Kakuchi, Takudai"
820,"Majima, Junji"
28,"Horie, Yui"
341,"Nojima, Hirofumi"
92,"Ohara, Sayaka"
428,"Kaida, Yuuko"
283,"Yoshino, Hiroyuki"
60,"Tanaka, Rie"
6598,"Kasai, Kenichi"
19347,"Yamanaka, Takahiro"
8539,"Nagai, Tatsuyuki"
8074,"Aketagawa, Jin"
10472,"Murata, Tomosa"
8806,"Togashi, Misuzu"
581,"Aizawa, Mai"
409,"Kawahara, Yoshihisa"
523,"Sendai, Eri"
84,"Wakamoto, Norio"
12345,"Honda, Manami"
126,"Sanada, Asami"
10141,"Hosoda, Naoto"
8155,"Nagura, Yasushi"
42034,"Takashima, Daisuke"
39644,"Takamura, Yuuta"
13639,"Uchida, Maaya"
599,"Toyosaki, Aki"
25893,"Tamura, Koutarou"
8830,"Yamada, Minoru"
36957,"Waba, Akiko"
178,"Morikubo, Shoutarou"
12353,"Yamashita, Hiroyuki"
5406,"Kobayashi, Osamu"
35937,"Koizuka, Masashi"
34785,"Takahashi, Rie"
26705,"Kobayashi, Yuusuke"
11297,"Minase, Inori"
12212,"Murakawa, Rie"
124,"Arai, Satomi"
11784,"Uchiyama, Yumi"
885,"Iguchi, Yuka"
262,"Horiuchi, Kenyuu"
8127,"Watanabe, Masaharu"
15911,"Yamamoto, Hideyo"
6016,"Iwanami, Yoshikazu"
94,"Watanabe, Akeno"
167,"Kakihara, Tetsuya"
241,"Satou, Rina"
123,"Nakai, Kazuya"
68,"Yusa, Kouji"
2762,"Okamura, Tensai"
33967,"Wakabayashi, Kazuhiro"
9265,"Kawatsura, Shinya"
19775,"Fujiwara, Yoshiyuki"
16135,"Taneda, Risa"
16635,"Hanae, Natsuki"
15743,"Osaka, Ryota"
602,"Sonozaki, Mie"
10765,"Kayano, Ai"
28755,"Ishigami, Shizuka"
21611,"Kimura, Makoto"
38370,"Fukushima, Yuuichi"
51843,"Saitou, Shunsuke"
30359,"Ishiguro, Kyohei"
18227,"Saitou, Souma"
119,"Asakawa, Yuu"
723,"Akesaka, Satomi"
20,"Konishi, Katsuyuki"
40,"Noto, Mamiko"
15903,"Ohashi, Ayaka"
38369,"Miyake, Masanori"
14703,"Kobayashi, Tomoki"
936,"Gouda, Hozumi"
39175,"Koga, Kazuomi"
39726,"Mitsushima, Shinnosuke"
24,"Takayama, Minami"
12652,"Akasaki, Chinatsu"
21955,"Taichi, You"
1469,"Miyamoto, Mitsuru"
279,"Mizushima, Takahiro"
34951,"Kito, Akari"
76,"Okamura, Akemi"
39727,"Nanase, Ayaka"
10936,"Ishihama, Masashi"
21215,"Shikama, Takahiro"
6560,"Satou, Satomi"
31,"Nakahara, Mai"
38368,"Ochikoshi, Tomonori"
356,"Shimono, Hiro"
26063,"Ueda, Reina"
245,"Hino, Satoshi"
15877,"Kawanishi, Kengo"
8076,"Kondou, Hikaru"
4006,"Sotozaki, Haruo"
41405,"Shirai, Toshiyuki"
41111,"Suhara, Takashi"
73,"Matsuoka, Yuki"
221,"Itou, Kentarou"
284,"Tachiki, Fumihiko"
10277,"Abe, Noriyuki"
18371,"Tachikawa, Yuzuru"
6831,"Kon, Chiaki"
7242,"Shingaki, Tarusuke"
23577,"Mukai, Masahiro"
10094,"Fukushima, Jun"
20106,"Suwa, Ayaka"
12013,"Hara, Sayuri"
395,"Inada, Tetsu"
11299,"Kanasaki, Takaomi"
19333,"Yoshida, Shunji"
11976,"Shirahata, Nobuo"
14,"Hayashibara, Megumi"
658,"Tada, Aoi"
357,"Ishizuka, Unshou"
497,"Takashima, Gara"
179,"Ebara, Masashi"
6519,"Minami, Masahiko"
2009,"Watanabe, Shinichiro"
20050,"Kobayashi, Katsuyoshi"
10989,"Shimazaki, Nobunaga"
100,"Tanaka, Atsuko"
15919,"Murase, Ayumu"
6981,"Suzuki, Takuma"
1452,"Mizushima, Yuu"
35207,"Shimizu, Kenichi"
40492,"Hara, Hiroshi"
14001,"Fear, and Loathing in Las Vegas"
1760,"Omigawa, Chiaki"
539,"Kobayashi, Yumiko"
5186,"Takahira, Narumi"
471,"Hanba, Tomoe"
160,"Koyasu, Takehito"
10087,"Igarashi, Takuya"
37,"Sugou, Takayuki"
359,"Fukui, Yukari"
257,"Hiyama, Nobuyuki"
93,"Itou, Shizuka"
5923,"Ikeda, Narushi"
91,"Nakata, Jouji"
6385,"Kamagata, Eiichi"
12649,"Takeda, Yasuhiro"
7032,"Akai, Takami"
46226,"Shiraishi, Naoko"
74,"Nojima, Kenji"
459,"Arimoto, Kinryuu"
49895,"Morihiro, Fumi"
15235,"Shiotani, Naoyoshi"
19910,"Motohiro, Katsuyuki"
11659,"Takamori, Natsumi"
991,"Abe, Atsushi"
7254,"Yonezawa, Madoka"
1489,"Maeno, Tomoaki"
9790,"Yamamoto, Kazutomi"
32,"Nonaka, Ai"
1527,"Ichiki, Mitsuhiro"
15121,"Sakakibara, Naoko"
10885,"Itou, Yoshiyuki"
9552,"Mizushima, Tsutomu"
9593,"Fuchigami, Mai"
19834,"Suzaki, Aya"
2,"Sugita, Tomokazu"
9973,"Numakura, Manami"
504,"Fujita, Saki"
42541,"Fukuoka, Motoo"
51635,"Itou, Fumio"
27243,"Itou, Setsuo"
146,"Ootsuka, Akio"
88,"Irino, Miyu"
129,"Seki, Toshihiko"
17215,"Tanezaki, Atsumi"
5997,"Kokuryu, Sachi"
39347,"Fujisawa, Kenichi"
30323,"Anzai, Takefumi"
149,"Kobayashi, Sanae"
164,"Suzuki, Chihiro"
552,"Hagiwara, Emiko"
71,"Kawakami, Tomoko"
6631,"Hosoi, Osamu"
132,"Takahashi, Mikako"
44,"Yamamoto, Maria"
6759,"Kanbe, Mamoru"
16443,"Shimizu, Katsunori"
37829,"Sadohara, Takeyuki"
12041,"Ookubo, Rumi"
11787,"Seto, Asami"
348,"Shiraishi, Ryouko"
141,"Yuzuki, Ryouka"
761,"Genda, Tessyo"
6549,"Motoyama, Satoshi"
243,"Ookawa, Tooru"
176,"Neya, Michiko"
144,"Toyoguchi, Megumi"
316,"Yamaguchi, Mayumi"
12109,"Watson, Barry"
5083,"Mizushima, Seiji"
8483,"Ogata, Mitsuru"
579,"Mizuhara, Kaoru"
89,"Makino, Yui"
36805,"Saito, Shunsuke"
458,"Miyamura, Yuko"
9,"Mitsuishi, Kotono"
130,"Yamaguchi, Yuriko"
5111,"Anno, Hideaki"
5988,"Yamaga, Hiroyuki"
37419,"Takahashi, Tomoko"
21157,"Hayashi, Yuu"
18823,"Mitsunaka, Susumu"
7469,"Kikuta, Hiromi"
10134,"Kikuta, Kouichi"
107,"Aoki, Sayaka"
1122,"Kuroda, Takaya"
34357,"Matsumoto, Miho"
6671,"Oomori, Takahiro"
16203,"Baba, Makoto"
57,"Kuwashima, Houko"
111,"Hirohashi, Ryou"
278,"Sakaguchi, Daisuke"
239,"Kanda, Akemi"
177,"Okiayu, Ryoutarou"
195,"Inoue, Kikuko"
8085,"Hatta, Youko"
38029,"Nakamura, Shinichi"
5055,"Ishihara, Tatsuya"
7194,"Tsuruoka, Youta"
11236,"Mikami, Shiori"
49435,"Morishita, Katsuji"
13,"Kawasumi, Ayako"
113,"Koyama, Rikiya"
116,"Ueda, Kana"
120,"Shitaya, Noriko"
117,"Kadowaki, Mai"
112,"Midorikawa, Hikaru"
12163,"Aoki, Ei"
19884,"Oonishi, Saori"
7263,"Hikasa, Yoko"
42213,"Nakayama, Nobuhiro"
11066,"Yamakawa, Yoshiki"
61,"Saito, Chiwa"
52,"Katou, Emiri"
27919,"Kubota, Mitsutoshi"
20883,"Ooshima, Miku"
5089,"Shinbou, Akiyuki"
1154,"Ono, Yuuki"
11184,"Touyama, Nao"
1722,"Asakura, Azumi"
10707,"Nishi, Asuka"
10064,"Iguchi, Yuuichi"
27147,"Hashimoto, Hiroyuki"
39970,"Terahigashi, Katsumi"
12016,"Hara, Yumi"
14441,"Uesaka, Sumire"
102,"Katou, Masayuki"
255,"Chiba, Shigeru"
594,"Shindou, Kei"
10071,"Komatsu, Mikako"
40519,"Itou, Naoyuki"
37118,"Gou, Fumiyuki"
47262,"Kuraya, Ryouichi"
40544,"Sugawara, Yukie"
26543,"Asakura, Momo"
576,"Takemoto, Eiji"
37429,"Asai, Yoshiyuki"
16373,"Imaizumi, Kenichi"
11404,"Morohoshi, Sumire"
46817,"Kouno, Hiyori"
39129,"Fujita, Nao"
10929,Lynn
48826,"Ueki, Shinei"
27395,"Ozawa, Ari"
9029,"Nishigori, Atsushi"
51059,"Ishii, Toshimasa"
17297,"Tadokoro, Azusa"
54,"Endou, Aya"
24875,"Uemura, Yuuto"
1105,"Nakajima, Megumi"
174,"Kiuchi, Hidenobu"
8129,"Ishidate, Taichi"
40506,"Fujita, Haruka"
6771,"Takemoto, Yasuhiro"
156,"Mizuhashi, Kaori"
105,"Gotou, Yuuko"
315,"Shintani, Ryouko"
24537,"Nishida, Masakazu"
30901,"Naganawa, Maria"
6929,"Uezu, Makoto"
10294,"Machida, Touko"
7695,"Eguchi, Takuya"
206,"Kondou, Takashi"
16067,"Yoshimura, Ai"
38121,"Kawamura, Tomoyuki"
38061,"Nakano, Hideaki"
31055,"Sakurai, Chikara"
12262,"Yonetani, Yoshitomo"
8956,"Nomizu, Iori"
41,"Honda, Takako"
12577,"Itou, Kumiko"
25629,"Kouchiyama, Takashi"
25627,"Kobayashi, Shinichirou"
52145,"Matsuura, Hiroaki"
20102,"Hatsumi, Kouichi"
30,"Hoshi, Soichiro"
51,"Fukuhara, Kaori"
18771,"Shitara, Mami"
28769,"Shirakawa, Manami"
7498,"Yamada, Naoko"
47097,"Ichinose, Kana"
34209,"Umehara, Yuuichirou"
42747,"Ichikawa, Aoi"
24263,"Yamashita, Nanami"
10013,"Tamura, Mutsumi"
11158,"Gotou, Hiroki"
12673,"Wakabayashi, Hiromi"
40434,"Kobayashi, Hiroyasu"
926,"Ueda, Youji"
7288,"Okitsu, Kazuyuki"
9580,"Satou, Takuya"
1506,"Shioya, Yoku"
229,"Imaruoka, Atsushi"
15107,"Tsuda, Naokatsu"
31545,"Suzuki, Kenichi"
3,"Yukino, Satsuki"
12789,"Hatta, Hideaki"
470,"Koorogi, Satomi"
16651,"Nakatsu, Mari"
10981,"Ogura, Yui"
10579,"Ishizuka, Atsuko"
8759,"Kurokawa, Tomoyuki"
242,"Sato, Ginpei"
448,"Tamagawa, Sakiko"
38737,Afra
342,"Katsuki, Masako"
9326,"Sasaki, Shirou"
10314,"Hamano, Takatoshi"
557,"Nozawa, Masako"
518,"Horikawa, Ryo"
673,"Furukawa, Toshio"
75,"Tanaka, Mayumi"
134,"Kusao, Takeshi"
121,"Itou, Miki"
259,"Nakao, Ryusei"
354,"Tsuru, Hiromi"
16687,"Seki, Hiromi"
6459,"Yamauchi, Shigeyasu"
35739,"Yamamuro, Tadayoshi"
6823,"Nishio, Daisuke"
52264,"Nakayama, Naomi"
39950,Sayuri
819,"Ono, Kensho"
735,"Suzuki, Tatsuhisa"
35935,"Tokudo, Daisuke"
12385,"Akamatsu, Yasuhiro"
17209,"Kubo, Yurika"
33995,"Uchida, Yuuma"
28921,"Akaneya, Himika"
2123,"Aikawa, Natsuki"
6389,"Masui, Souichi"
38963,"Shinohara, Masahiro"
41312,"Takahashi, Hidetoshi"
494,"Terashima, Takuma"
11641,"Kuno, Misaki"
40366,"Andou, Takashi"
49398,"Satou, Gen"
26541,"Takahashi, Karin"
1436,Mugihito
49292,"Iino, Shinya"
42374,BURNOUT SYNDROMES
50664,PELICAN FANCLUB
46314,"Saeki, YouthK"
756,"Katsu, Anri"
5979,"Shinohara, Toshiya"
14751,"Ogura, Hirofumi"
19371,"Bridcutt, Sarah Emi"
28889,"Yamaya, Yoshitaka"
38759,"Abo, Takao"
6619,"Awai, Shigeki"
41229,"Haga, Hitoshi"
1602,"Tatum, John Michael"
9876,"Igarashi, Hiromi"
10217,"Ishihara, Kaori"
5,"Suzumura, Kenichi"
97,"Toriumi, Kousuke"
10056,"Shiibashi, Kazuyoshi"
25573,"Matsuda, Akio"
6153,"Sakurai, Hiroaki"
45025,"Suzuki, Ryouta"
43279,"Kohara, Konomi"
41328,"Koga, Aoi"
21543,"Hanamori, Yumiri"
48122,"Suzushiro, Sayumi"
1538,"Aoyama, Yutaka"
16583,"Omata, Shinichi"
47809,"Utsunomiya, Masamitsu"
14217,"Obara, Masakazu"
817,"Asumi, Kana"
8584,"Tatsuwa, Naoyuki"
857,KENN
53,"Chihara, Minori"
8478,"Yamaoka, Yuri"
256,"Shindo, Naomi"
25395,"Toyota, Moe"
56,"Konno, Hiromi"
38027,"Senami, Riri"
39149,"Tomita, Miyu"
16453,"Izawa, Shiori"
12705,"Murata, Taishi"
45590,"Hanawa, Manami"
11507,"Kojima, Masayuki"
35729,"Yamada, Haru"
9513,"Nakamura, Ryousuke"
7492,"Sakuya, Shunsuke"
9749,"Kanuka, Mitsuaki"
25999,"Satake, Uki"
33449,"Aigasa, Keisuke"
27667,"Nagao, Aki"
33021,"Horii, Chisa"
33711,"Ueda, Masuo"
41455,"Koyama, Yoshitaka"
235,"Fujita, Yoshinori"
222,"Saitou, Ayaka"
114,"Kirii, Daisuke"
58,"Ueda, Yuuji"
499,"Yoshizumi, Kozue"
277,"Noda, Junko"
371,"Hamada, Kenji"
9903,"Kuroki, Rui"
5805,"Tada, Shunsuke"
24265,"Tanaka, Minami"
39625,"Tokutake, Tatsuya"
12079,"Udono, Mayu"
21515,"Serizawa, Yuu"
33019,"Wakai, Yuuki"
20016,"Hayashi, Yuuichirou"
35673,"Fujita, Akiko"
6856,"Yamamoto, Sayo"
7071,"Kobayashi, Yasuko"
1052,"Hoshino, Takanori"
6634,"Kotobuki, Minako"
7278,"Fujitou, Chika"
9557,"Nagata, Yoriko"
168,"Itou, Mika"
188,"Sawaki, Ikuya"
803,"Ikeda, Masaru"
457,"Asai, Kiyomi"
310,"Matsumoto, Yasunori"
661,"Harp, Clarine"
27769,"Furumoto, Mayuko"
8187,"Masunari, Koji"
136,"Kuwatani, Natsuko"
481,"Ogata, Kenichi"
7,"Yanagisawa, Eiji"
11858,"Higuchi, Tomoyuki"
380,"Yahagi, Sayuri"
8461,"Kaburagi, Hiro"
25613,"Deai, Kotomi"
36836,"Umemoto, Yui"
25991,"Kuwahara, Yuuki"
22003,"Takahashi, Minami"
37047,"Takada, Yuuki"
20795,"Chisuga, Haruka"
6997,"Tatsumi, Yuiko"
8639,"Tamaru, Atsushi"
7190,"Ono, Manabu"
40170,"Shiraishi, Michita"
40112,"Kizawa, Yukito"
37491,"Kagura, Hiroyuki"
5062,"Enokido, Youji"
10428,"Fukuda, Michio"
5152,"Takamatsu, Shinji"
12437,"Fujita, Youichi"
19842,"Yamaguchi, Yuuji"
6468,"Ueda, Shigeru"
5978,"Okada, Mari"
12167,"Miura, Takahiro"
670,"Yanami, Jouji"
326,"Furuya, Toru"
572,"Suzuoki, Hirotaka"
571,"Koyama, Mami"
7578,"Nishio, Toku"
40989,"Okazaki, Minoru"
32055,"Hashimoto, Mitsuo"
36667,"Takagi, Yuuhei"
51841,"Kii, Muneyuki"
32969,"Furuta, Jouji"
12759,Misato
11742,"Tsukimiya, Midori"
8143,"Motonaga, Keitarou"
27775,"Kimura, Shinichiro"
205,"Morita, Masakazu"
11661,"Kurosawa, Tomoyo"
38764,"Ogura, Mitsutoshi"
28575,"Ikehata, Hiroshi"
38420,"Fuseki, Kazunobu"
40849,"Kosaka, Satoru"
50397,"Sano, Takashi"
5252,L&#039;Arc~en~Ciel
10140,"Oikawa, Kei"
869,"Hayami, Saori"
11184,"Touyama, Nao"
450,"Isobe, Tsutomu"
437,"Tomizawa, Michie"
1816,"Karasawa, Jun"
6224,"Sasaki, Youko"
11658,"Oomori, Akimasa"
51842,"Matsuo, Ryouichirou"
8947,"Katabuchi, Sunao"
26077,"Kawamura, Kenichi"
47918,"Okasaki, Miho"
25437,"Ichimichi, Mao"
25167,"Senbongi, Sayaka"
34615,"Kobayashi, Chikahiro"
41501,"Tomari, Asuna"
11444,"Kikuchi, Yasuhito"
11284,"Inokawa, Shintarou"
26635,"Nakayama, Atsushi"
18401,"Hongo, Kanata"
11359,"Mimori, Suzuko"
629,"Futamata, Issei"
9677,"Mamiya, Yasuhiro"
18421,"Watanabe, Kotono"
38339,"Katou, Makoto"
37018,"Hosokawa, Hideki"
5902,"Ooyama, Nobuyo"
1482,"Shiina, Hekiru"
344,"Miyata, Kouki"
38800,"Sekine, Satoko"
46498,"Okuno, Haruo"
33185,"Ozaki, Takaharu"
6785,"Sakoi, Masayuki"
15249,"Yamazaki, Mitsue"
40554,"Takeshita, Ryouhei"
5326,"Matsuo, Kou"
7420,ryo-timo
12714,"Hikami, Takahiro"
17091,"Kido, Ibuki"
829,"Kondou, Takayuki"
39938,"Fujiwara, Natsumi"
40406,"Watanabe, Odahiro"
37395,"Mikasano, Chuuji"
48115,Cö shu Nie
183,"Hirakawa, Daisuke"
12524,"Komatsu, Fuminori"
429,"Takagi, Reiko"
40476,"Mizusaki, Junpei"
46066,"Kajiwara, Gakuto"
48944,"Kamijou, Saeko"
591,"Tsuda, Kenjirou"
15805,"Yase, Yuki"
48078,"Konno, Taiki"
48245,"Suzuki, Hiroki"
21485,"Suzuki, Rio"
37562,"Chiba, Shouya"
25935,"Sasaki, Mutsumi"
47620,"Munakata, Mariko"
5655,"Furuhashi, Kazuhiro"
39686,"Koizumi, Kisuke"
9541,"Hata, Masami"
804,"Hanawa, Eiji"
800,"Tsuji, Shinpachi"
936,"Gouda, Hozumi"
472,"Clinkenbeard, Colleen"
6738,"Takahashi, Takeo"
19327,"Takakuwa, Hajime"
12494,"Shishido, Jun"
29,"Kanai, Mika"
831,Chafurin
7538,"Kawase, Toshifumi"
11605,"Nakase, Rika"
407,"Sanpei, Yuuko"
6982,"Yamanaka, Masahiro"
10716,"Ishikawa, Michiru"
8805,"Honda, Mariko"
261,"Shiraishi, Minoru"
12144,"Furuya, Shizuka"
6268,"Kosuge, Mami"
9149,"Horikawa, Chika"
580,"Sasaki, Nozomi"
16559,"Kawase, Kouhei"
10384,"Nishikiori, Hiroshi"
5812,"Kawajiri, Yoshiaki"
46728,"Nagamachi, Hideki"
11510,"Takumi, Yasuaki"
14519,"Terakawa, Aimi"
37045,"Tsuchiya, Masaki"
8555,"Kanemoto, Hisako"
7489,"Oogame, Asuka"
434,"Okano, Kousuke"
6753,"Oonuma, Shin"
8834,"Kameyama, Toshiki"
13967,"Toudou, Mai"
110,"Kudou, Haruka"
362,"Sakakibara, Yoshiko"
148,"Yajima, Akiko"
46971,"Yaginuma, Kazuyoshi"
42430,"Kobayashi, Kouji"
128,"Ootani, Ikue"
12664,"Matsumoto, Rie"
35741,"Furuya, Kazunao"
12615,"Takeuchi, Ryouta"
26409,"Naganuma, Norihiro"
45356,"Kobayashi, Atsushi"
50398,"Sato, Yoji"
216,"Nakano, Yuto"
924,"Tsuzurahara, Miyu"
155,"Doi, Mika"
9509,"Oka, Akiko"
6445,"Honjou, Yuutaro"
706,"Maeda, Takeshi"
52814,"Suzuki, Atsushi"
4346,"Nagahama, Hiroshi"
6080,"Tanaka, Kazuya"
10273,"Matsuda, Kenichirou"
184,"Nabatame, Hitomi"
50408,"Ueda, Youko"
7337,"Misawa, Sachika"
186,"Asanuma, Shintaro"
746,"Kumai, Motoko"
17213,"Kusuda, Aina"
19840,"Kyougoku, Takahiko"
42112,"Andou, Ryou"
30337,"Nagasaki, Yukio"
234,"Tanaka, Hideyuki"
598,"Ikeda, Shuuichi"
6730,"Nagai, Ichiro"
1672,"Katsube, Nobuyuki"
17849,"Honda, Yasunori"
17035,"Nakanishi, Go"
10132,"Suzuki, Shingo"
10435,"Kanazawa, Hiromichi"
9856,"Kudou, Susumu"
133,"Takagi, Wataru"
911,"Kawashima, Tokuyoshi"
11845,"Kato, Toshiyuki"
16315,YUKI
12018,"Hatanaka, Tasuku"
41331,"Powers, Maxwell"
5607,"Oki, Kanae"
41166,"Okada, Maiko"
10185,"Tezuka, Hideaki"
157,"Tobita, Nobuo"
36479,"Hamano, Daiki"
12382,"Uemura, Yutaka"
48725,"Ihara, Kenta"
898,Cho
899,"Chiba, Isshin"
11123,"Tsuru, Toshiyuki"
25737,"Odaka, Yoshinori"
31563,"Mizuno, Kazunori"
12490,"Yamamoto, Nozomi"
36904,"Yoneda, Kazuhiro"
10834,"Inotsume, Shinichi"
198,"Takagi, Motoki"
248,"Watanabe, Kumiko"
686,"Matsuno, Taiki"
7501,"Suwa, Michihiko"
6723,"Ikeda, Masashi"
40087,"Yamaguchi, Takayuki"
42078,"Tsuchiya, Hiroyuki"
72,"Shimizu, Ai"
236,"Touchi, Hiroki"
399,"Iwata, Mitsuo"
478,"Takiguchi, Junpei"
253,"Sabat, Christopher"
25467,"Iwata, Shiniichi"
7512,"Akabane, Kenji"
24147,"Yamada, Yuka"
8462,"Konparu, Tomoko"
1472,"Kashii, Shouto"
11185,"Kanbe, Hiroyuki"
630,"Matsumoto, Megumi"
556,"Yonaga, Tsubasa"
477,"Yanaka, Hiroshi"
21331,"Utsumi, Hiroko"
137,"Hayami, Show"
529,"Furusawa, Tohru"
80,"Hisakawa, Aya"
10736,"Kitayama, Shigeru"
10285,"Nishimura, Satoshi"
25863,"Takao, Yuki"
29653,"Tazawa, Masumi"
37107,"Takuno, Seiki"
2096,"Yokote, Michiko"
11841,"Hisayuki, Hirokazu"
1166,"Koizumi, Yutaka"
709,"Shishido, Rumi"
215,"Hayamizu, Risa"
1649,"Shou, Mayumi"
9990,"Yamamoto, Yuusuke"
1506,"Shioya, Yoku"
33197,"Fujimoto, Jirou"
15607,"Suzuki, Konomi"
12596,Tom-H@ck
364,"Nozawa, Nachi"
333,"Kiyokawa, Motomu"
66,"Hiramatsu, Akiko"
346,"Yamazaki, Takumi"
11597,"Iida, Umanosuke"
11406,"Kamitsubo, Ryouki"
6160,"Konaka, Chiaki"
20919,"Shimizu, Youji"
10543,"Hisagi, Akitsugu"
50658,"Makita, Kaori"
41752,"Mizunaka, Masaaki"
21425,"Iwasawa, Toshiki"
208,"Orikasa, Ai"
438,"Shinohara, Emi"
209,"Nagasawa, Miki"
1840,"Aikawa, Rikako"
37717,"Kanesugi, Hiroko"
16635,"Hanae, Natsuki"
38259,Dempagumi.inc
11030,"Anzai, Chika"
14161,"Terui, Haruka"
39426,"Ochiai, Fukushi"
42050,(K)NoW_NAME
14161,"Terui, Haruka"
169,"Shimizu, Kaori"
6655,"Yamamoto, Yutaka"
9711,"Isomura, Tomomi"
8030,"Harada, Hitomi"
1592,"Nanjou, Yoshino"
896,"Watanabe, Shinichi"
671,"Terasaki, Yuka"
12750,"Yamamura, Hibiku"
17075,"Nishiyama, Koutarou"
51639,"Usa, Yoshiki"
39270,"Kobayashi, Hiroshi"
9522,"Ootsuka, Masahiko"
103,Kujira
49153,"Akagi, Hiroaki"
52327,"Kimura, Nobukage"
39971,"Namura, Hidetoshi"
366,"Nanri, Yuuka"
77,"Asano, Masumi"
10578,"Miya, Shigeyuki"
46103,"Tanaka, Tomoya"
28383,"Konuta, Kenji"
41261,"Minato, Mirai"
10073,"Neves, Emily"
40497,MYTH &amp; ROID
23249,"Yamashita, Seiichirou"
40034,"Kinugawa, Rika"
846,"Tsuboi, Tomohiro"
12867,"Nagamine, Tatsuya"
16685,"Chioka, Kimitoshi"
47941,"Nakamura, Ryouta"
568,"Okajima, Tae"
465,"Kawaragi, Shiho"
1360,"Imoto, Kei"
5484,"Ashiro, Megu"
584,"Takahashi, Chiaki"
567,"Nagami, Haruka"
1468,"Matsumoto, Yoshirou"
1132,"Tanaka, Ryouko"
855,"Kuribayashi, Minami"
47241,"Nada, Yutaka"
7899,"Kitta, Izumi"
25343,"Kurose, Yuuko"
10810,"Iwasaki, Ryou"
34579,"Jinbo, Masato"
42077,"Tokumoto, Yoshinobu"
10553,"Takayanagi, Shigehito"
47974,"Kouno, Ayako"
15745,"Oono, Toshiya"
12737,"Nagatsuma, Juri"
15639,"Itamura, Tomoyuki"
31389,"Hara, Suzuko"
31391,"Endou, Rina"
12388,"Furuki, Nozomi"
1057,"Takamori, Yoshino"
10927,"Tachibana, Masaki"
48079,"Kaneko, Shingo"
46852,"Suzuki, Kiyotaka"
30853,"Enoki, Junya"
41315,"Takahashi, Hideya"
39987,"Kimura, Yasuhiro"
44249,"Ichikawa, Taichi"
23919,"Suegara, Rie"
41739,"Fukamachi, Toshinari"
7608,"Murata, Masahiko"
51251,Stray Kids
41297,"Itou, Kento"
27389,"Date, Arisa"
43303,"Nagae, Rika"
8538,"Hiraike, Yoshimasa"
18511,"Kakuma, Ai"
11162,"Fujii, Yukiyo"
11492,"Tsuda, Minami"
19605,"Aisaka, Yuuka"
10571,"Tone, Kentarou"
37589,"Akitaya, Noriaki"
25469,"Watanabe, Jun"
12328,"Miyamoto, Yukihiro"
892,"Ooki, Tamio"
6518,"Andou, Masahiro"
34525,"Tanaka, Aimi"
37946,"Kageyama, Akari"
17629,"Shiraishi, Haruka"
37947,"Furukawa, Yurina"
39126,"Maeda, Hiroki"
8838,"Oota, Masahiko"
31549,"Morita, Geisei"
217,"Saitou, Rie"
665,"Mizuuchi, Kiyomitsu"
213,"Hanada, Hikaru"
276,"Kojima, Sachiko"
5793,"Murase, Shukou"
48809,"Saito, Noriaki"
440,"Kishio, Daisuke"
260,"Chiba, Susumu"
6064,"Sayama, Kiyoko"
17913,"Andou, Masaomi"
636,"Aoki, Kazuyo"
17101,"Maeda, Rena"
5921,"Asaka, Morio"
33365,"Kuroyanagi, Toshimasa"
31735,"Kouta, Fumiaki"
10935,"Tachibana, Hideki"
885,"Iguchi, Yuka"
45107,sora tob sakana
12537,"Kaneko, Hiraku"
47950,"Tateishi, Yayoi"
7191,"Urahata, Tatsuhiko"
46551,"Crane, Deborah"
5648,"Asada, Yoko"
1424,"Oobayashi, Ryuusuke"
1118,"Mutou, Sumi"
30597,"Takimoto, Keito"
14227,"Chikada, Wasei"
13223,"Ueda, Yasuyuki"
5359,"Nakamura, Ryuutarou"
6722,"Watanabe, Takashi"
21155,"Fujita, Akane"
9510,"Miyamoto, Yume"
64,"Takahashi, Hiroki"
42499,"Kazuto, Minato"
19593,"Higuchi, Tatsuto"
170,"Minaguchi, Yuko"
1486,"Satouchi, Shinobu"
20402,"Kasai, Osamu"
45,"Ishii, Kouji"
9826,"Amino, Tetsuro"
25739,"Hata, Yoshito"
6736,"Takagi, Noboru"
34793,"Sugihara, Kenji"
288,"Miyuki, Sanae"
24395,"Kimura, Kyotaro"
12655,"Kusakawa, Keizou"
12517,"Yamamoto, Yasutaka"
10377,"Kosaka, Harume"
590,"Kokubun, Yukari"
699,"Ichinose, Hidekazu"
704,"Iida, Toshinobu"
700,"Inoue, Suguru"
15943,"Hiramitsu, Takuya"
6863,"Tanaka, Masayoshi"
11629,"Ogino, Seirou"
7530,"Takamoto, Norihiro"
36157,"Takahashi, Tsuyoshi"
40102,Luck Life
7524,"Igarashi, Rei"
7696,"Kawahara, Motoyuki"
7698,"Shirokuma, Hiroshi"
21607,"Yamamoto, Kouji"
21809,"Ishii, Tomohiko"
5348,"Kamiyama, Kenji"
171,"Koyama, Kimiko"
801,"Kase, Yasuyuki"
12480,"Kimura, Subaru"
48788,"Kogawa, Yoriyasu"
48315,"Morimoto, Ikurou"
678,"Matsumoto, Rica"
273,"Iizuka, Mayumi"
1024,"Inuyama, Inuko"
5180,"Yuyama, Kunihiko"
5657,"Hidaka, Masamitsu"
21813,"Murase, Michiyo"
31385,"Shida, Arisa"
22275,"Kanemoto, Ryousuke"
7998,"Yoshinari, You"
49221,"Kaneko, Yoshiyuki"
11407,"Kijima, Ryuuichi"
548,"Taguchi, Hiroko"
12243,"Tamiyasu, Tomoe"
547,"Tomonaga, Akane"
6418,"Narumi, Erika"
549,"Yanase, Natsumi"
21471,"Tanaka, Motoki"
39685,"Eguchi, Daisuke"
1967,"Kurata, Hideyuki"
44317,"Iwami, Manaka"
37495,"Yoshino, Yuna"
42076,"Okamoto, Manabu"
48479,"Uchida, Hiroki"
5356,"Kinoshita, Hiroyuki"
35471,"Seshita, Hiroyuki"
11475,"Andou, Hiroaki"
42180,"Okada, Kenjirou"
35017,"Asano, Naoyuki"
1421,"Itou, Miyako"
1463,"Yuuya, Atsuko"
8650,"Zougou, Saeko"
37000,"Aizawa, Masahiro"
39948,"Iwahata, Gouichi"
40243,"Kurosaki, Shizuka"
36812,"Waki, Azumi"
45499,"Haruno, Anzu"
11361,"Tokui, Sora"
11844,"Matsuzaki, Rei"
23399,"Satou, Shinki"
5952,"Masuyama, Ryouji"
2004,"Zappa, Gou"
33359,TK from Ling Tosite Sigure
369,"Nagata, Akira"
702,"Higashi, Saori"
586,"Shimowada, Hiroki"
451,"Takimoto, Fujiko"
711,"Tokuyama, Yasuhiko"
12274,"Smokey, Tetsuni"
5162,"Uda, Kounosuke"
10280,"Fukutomi, Hiroshi"
13619,"Yamada, Takashi"
397,"Amada, Masuo"
624,"Nishikawa, Ikuo"
10248,"Takahashi, Naohito"
6076,"Tsurumaki, Kazuya"
3710,"Imagawa, Yasuhiro"
14339,"Tomioka, Atsuhiro"
682,"Kano, Yui"
11268,"Nanba, Hitoshi"
48896,"Tachibana, Tatsumaru"
42197,"Kumagai, Kentarou"
688,"Kaida, Yuki"
12666,"Tano, Asami"
46629,"Park, Seong-Hu"
51653,CIX
51654,KSUKE
15005,"Hashizume, Tomohisa"
11449,"Nagai, Shinpei"
16487,"Kitahata, Tooru"
891,"Marchi, Jamie"
792,"Tachibana, Shinnosuke"
20060,"Ookubo, Chika"
5640,"Daichi, Akitarou"
20921,"Yamamoto, Yasuichiro"
7247,"Hirao, Takayuki"
583,"Suyama, Akio"
373,"Yasuhara, Reiko"
1414,"Tanaka, Masahiko"
1688,"Kimura, Ikue"
1543,"Murozono, Takehiro"
11134,"Chigira, Kouichi"
48345,"Satou, Masako"
31403,HoneyWorks
456,"Horie, Kazuma"
34789,"Ando, Sakura"
48895,"Torashima, Takaaki"
13055,"Muro, Genki"
50431,"Matsumi, Shinichi"
35015,"Katou, Michiya"
50124,"Higuchi, Nanami"
46249,"Kusunoki, Tomori"
25773,"Asai, Ayaka"
36557,"Morinaga, Chitose"
13693,"Aoi, Eir"
197,"Saiga, Mitsuki"
28789,"Kokido, Shiho"
299,"Nomura, Kenji"
13551,"Yukinari, Toa"
47650,"Takahashi, Yuuma"
15655,"Kakihara, Yuuko"
45586,"Kohinata, Fumiyo"
46541,"Murakami, Nijirou"
47401,"Fleming, Bill"
47173,Reimi
11626,"Satou, Keiichi"
33707,"Tanaka, Ryou"
555,"Murase, Katsuki"
546,"Mitsuhashi, Kanako"
825,"Nagano, Yoshikazu"
10503,"Tobayama, Bunmei"
824,"Hibino, Akari"
622,"Takano, Urara"
104,"Kishi, Yuuji"
47930,"Hosoda, Masahiro"
22183,"Yamakita, Saki"
81,"Mizuki, Nana"
20,"Konishi, Katsuyuki"
33795,"Kondou, Reina"
10561,LiSA
135,"Chiba, Saeko"
1425,"Nakayama, Sara"
1637,"Uchida, Yuuya"
1013,"Sasajima, Kaoru"
40943,"Yamakado, Ikuo"
41129,"Tokoro, Toshikatsu"
249,"Kawana, Midori"
1696,"Shimoda, Asami"
10439,"Takahashi, Hideo"
12453,"Matsuura, Ayu"
6214,"Tsuchida, Hiroshi"
12591,"Sakai, Noa"
741,"Arikawa, Hiroshi"
10168,"Waki, Tomohiro"
9211,"Iino, Mayu"
7268,"Kamei, Kanta"
41244,"Ui, Yoshikazu"
39291,"Matsuda, Kiyoshi"
39602,"Igari, Takashi"
37604,"Miyawaki, Chizuru"
13643,"Yamazaki, Haruka"
7025,"Kigami, Yoshiji"
108,"Suzukaze, Mayo"
866,"Fujitani, Miki"
637,"Tominaga, Miina"
703,"Ikeda, Masanori"
1245,"Yasuhara, Yoshito"
959,"Sakurai, Tomo"
22703,"Sokuza, Makoto"
41929,"Yoneda, Mitsuhiro"
14167,"Suganuma, Eiji"
48261,"Heo, Pyeonggang"
8931,"Iwanaga, Akira"
24413,"Itou, Miku"
8921,"Uchida, Aya"
40738,"Kuwahara, Satoshi"
42258,"Yoshizawa, Midori"
37034,"Yoshimura, Fumihiro"
595,"Yamazaki, Shigenori"
237,"Kosugi, Juurouta"
5405,"Kyouda, Tomoki"
6489,"Utsunomiya, Satoru"
619,"Kiyasu, Kohei"
807,"Aizawa, Masaki"
11017,"Masuhara, Mitsuyuki"
210,"Morinaga, Rika"
38,"Sakai, Kanako"
30623,"Imazaki, Itsuki"
42581,"Nagamura, Shinji"
931,"Yaguchi, Asami"
272,"Kaneda, Tomoko"
12799,"Kashiyama, Nanami"
18249,Jin
11893,"Takakura, Yuka"
19607,"Suzuki, Youhei"
51665,"Matsukawa, Tomohiro"
30939,"Yasukawa, Shougo"
29899,"Suzuki, Takaaki"
38359,"Yashiro, Taku"
27405,"Yoshimura, Haruka"
7001,"Hino, Yurika"
41885,"Ibata, Shouta"
35039,"Ou, Jackson"
39133,"Horie, Shun"
47222,"Akasaka, Masayuki"
6302,"Nozawa, Yukari"
5749,"Sadaoka, Sayuri"
47221,"Kowaka, Wakana"
52265,"Yamada, Taku"
46001,the peggies
31235,"Taguchi, Tomohisa"
19914,"Yamashita, Shingo"
31571,"Noshitani, Mitsutaka"
37151,"Nishizawa, Susumu"
21517,"Amamiya, Sora"
6608,UVERworld
7539,SID
5077,"Kajiura, Yuki"
9316,"Nozaki, Keiichi"
8219,"Kato, Takao"
8185,"Takadera, Takeshi"
436,"Fukami, Rica"
410,"Kawada, Shinji"
35807,"Ezaki, Shinpei"
5491,"Ono, Atsushi"
49301,"Arai, Kazuto"
48786,"Kuriyama, Takayuki"
41245,"Suzuki, Kentarou"
50592,"Hatano, Kouhei"
17211,Pile
14409,"Nitta, Emi"
17207,"Iida, Riho"
20586,"Sakuragawa, Megu"
21187,"Watada, Shinya"
9133,"Suzuki, Norimitsu"
28891,"Iwasaki, Tarou"
33979,"Kimura, Juri"
27839,"Oowada, Hitomi"
33875,"Takano, Asami"
10065,"Hayama, Ikumi"
48089,"Nagatani, Takayuki"
14131,"Koiwai, Kotori"
47086,"Tadokoro, Hinata"
38120,"Enomoto, Takahiro"
41831,"Fudemura, Eishin"
44320,"Iwanaka, Mutsuki"
41048,"Maekawa, Ryouko"
51876,"Takada, Masatoyo"
38648,"Ibata, Yoshihide"
2307,"Gotou, Keiji"
48117,Vickeblanka
15599,"Nakamichi, Mihoko"
1636,"Ohara, Takashi"
1659,"Nara, Tooru"
22329,"Oozora, Naomi"
6602,"Umezu, Hideyuki"
31251,"Izawa, Mikako"
48882,"Haraguchi, Hiroshi"
8837,"Aoshima, Takashi"
47440,"Tanaka, Takako"
20096,"Nakajima, Yoshiki"
38659,"Hondo, Kaede"
285,"Koyama, Tsuyoshi"
6010,"Nawa, Munenori"
25383,"Oochi, Keiichirou"
26799,"Sakurai, Hikaru"
6333,"Kaihou, Norimitsu"
47549,"Hara, Asami"
115,"Tange, Sakura"
289,"Iwao, Junko"
770,"Hayashi, Kazuo"
24189,"Kondou, Yui"
12284,"Sadohara, Kaori"
383,"Tsuji, Ayumi"
6186,"Inagaki, Takayuki"
14581,"Moriwaki, Makoto"
12198,"Hanada, Jukki"
45402,"Fukuhara, Katsumi"
35441,"Kouno, Marika"
41381,"Fukuo, Yui"
33207,"Yanase, Takeyuki"
44576,"Itou, Takumi"
254,"Dismuke, Aaron"
4564,"Takahashi, Natsuko"
49011,"Fairouz, Ai"
48258,"Azuna, Riko"
20416,"Yamaguchi, Megumi"
39674,"Asahina, Madoka"
40879,"Takeo, Ayumi"
18615,"Toda, Megumi"
2067,"Yoshimoto, Kinji"
10907,TakayaKi
37840,"Shirakome, Ryou"
39390,"Kojima, Chika"
12282,"Shimizu, Risa"
527,"Inoue, Gou"
30855,"Yokota, Seigo"
18801,"Hirabayashi, Sawako"
48501,"Koumura, Junko"
46724,"Hiramaki, Daisuke"
1431,"Saitou, Shirou"
34897,"Tamura, Makoto"
27017,"Mori, Nanako"
12677,"Urayama, Jin"
46923,"Moriyama, You"
38398,"Miyoshi, Keiichirou"
7412,"Fujimoto, Yoshitaka"
39210,"Miyao, Yoshikazu"
25989,"Kishimoto, Taku"
40508,PENGUIN RESEARCH
37509,"Kodachi, Ukyou"
37834,"Sekine, Ayumi"
42204,"Harada, Sayaka"
43976,"Tamaki, Shingo"
47646,"Shimizu, Sorato"
147,"Saka, Osamu"
7260,"Nakano, Yutaka"
15457,"Onozuka, Takashi"
20787,"Fujimura, Konomi"
29667,"Ishiya, Haruki"
24267,"Okuno, Kaya"
37498,"Hayase, Marika"
24261,"Eino, Airi"
12711,"Yasuno, Kiyono"
46225,"Atsugi, Nanami"
41956,"Wake Up, Girls!"
483,"Fujita, Toshiko"
1545,"Konishi, Hiroko"
484,"Kazama, Yuuto"
386,"Araki, Kae"
485,"Mizutani, Yuuko"
387,"Sakamoto, Chika"
486,"Tenjin, Umi"
487,"Maeda, Ai"
1456,"Tokumitsu, Yuka"
937,"Matsumoto, Miwa"
40537,"Kakudou, Hiroyuki"
5067,"Hosoda, Mamoru"
1111,"Sakuma, Rei"
12727,"Shouji, Miyoko"
11631,"Foster, Steven"
12510,"Itou, Michiko"
118,"Kamiya, Hiroshi"
212,"Ono, Daisuke"
10765,"Kayano, Ai"
427,"Tsujitani, Kouji"
139,"Yanagi, Naoki"
5423,"Fujisaku, Junichi"
33797,"Inagaki, Ryousuke"
33791,"Takahashi, Masanori"
49032,"Natsuyoshi, Yuuko"
43105,"Watabe, Sayumi"
12280,"Matsumoto, Shinobu"
26081,"Tamura, Masafumi"
45782,"Naya, Ryousuke"
1174,"Naka, Hiroshi"
29889,"Shiraishi, Youko"
15607,"Suzuki, Konomi"
12748,"Ogasawara, Saki"
16231,"Sakamoto, Takashi"
28655,"Sugawara, Seiki"
185,"Hanazawa, Kana"
599,"Toyosaki, Aki"
40399,"Shinoda, Minami"
23405,"Natsukawa, Shiina"
38385,"McGuire, Kristen"
30211,"Honizumi, Rina"
46590,"Komatsu, Shouhei"
5770,"Yara, Yuusaku"
26535,"Kubota, Miyu"
25165,i☆Ris
5072,"Otani, Kow"
29295,"Hara, Yuuko"
31597,"Barr, Katelyn"
46800,"Kawase, Maki"
752,"Takato, Yasuhiro"
28621,"Sakai, Munehisa"
14607,"Itou, Tatsufumi"
44541,"Shimizu, Hisatoshi"
49410,"Kondou, Natsuko"
985,"Ogihara, Hideki"
935,"Ono, Fuyuka"
6724,"Shinomiya, Gou"
30847,"Sakai, Shunsuke"
329,"Nakajima, Saki"
33713,"Kawazoe, Kengo"
8128,"Yoshioka, Shinobu"
2349,"Imaishi, Hiroyuki"
5956,"Amemiya, Akira"
49099,"Hisao, Ayumu"
29513,Kano
8916,"Mizusawa, Kei"
48843,"Kanbara, Toshiaki"
42109,"Ebata, Ryouma"
52133,"Suzuki, Yuushi"
38824,"Shimada, Souichi"
31583,"Nishikata, Yasuto"
8146,"Tsuji, Hatsuki"
5929,"Mayama, Ako"
5222,"Satou, Setsuji"
5068,"Yuasa, Masaaki"
10138,"Kimura, Eriko"
20088,"Choi, Eunyoung"
398,"Oguri, Shun"
6454,"Hasome, Tatsuya"
10167,"Kanjiya, Shihori"
16065,"Kurata, Ayako"
44528,"Minamikawa, Tatsuma"
12859,Aimer
36714,KANA-BOON
40460,"Kuno, Yoko"
17605,"Nishouji, Yoshito"
26091,"Yoshida, Yuuri"
20835,"Matsui, Eriko"
20022,"Komagata, Yuri"
11864,"Watanabe, Yui"
28105,"Kakumoto, Asuka"
48558,"Hamano, Kazuzou"
42434,"Takeyama, Atsushi"
391,"Satou, Yuuko"
20631,"Habara, Nobuyoshi"
12535,"Suzuki, Toshimasa"
52006,"Ooshiro, Miyuki"
7156,"Miyaji, Masayuki"
5253,FLOW
48069,ReoNa
17817,"Kanda, Sayaka"
7571,"Yamashita, Yurie"
19854,"Kaneko, Yuuki"
2076,"Yoshida, Reiko"
9571,"Tokoro, Tomokazu"
165,"Ishige, Sawa"
1004,"Tanii, Asuka"
401,"Matsuki, Miyu"
41928,"Miyamoto, Junnosuke"
172,"Saitou, Momoko"
31509,"Oomori, Nichika"
47439,"Kobayashi, Chiaki"
20216,ASCA
34399,"Ayano, Mashiro"
39642,"Suehiro, Kenichiro"
1504,"Tsunematsu, Ayumi"
12077,"Murata, Kazuya"
628,"Kazama, Shunsuke"
645,"Maeda, Aki"
467,"Kimura, Akiko"
12668,"Takasugi Jay, Jiro"
5650,"Sugishima, Kunihisa"
35657,"Matsuda, Risae"
39389,"Kamanaka, Nobuharu"
12452,"Ootsubo, Yuka"
275,"Kouda, Mariko"
11483,"Nagasawa, Tsuyoshi"
34425,"Andou, Ken"
42582,"Ishii, Kazuhiko"
12571,"Kitajima, Zenki"
10203,"Iwasaki, Megumi"
1136,"Jou, Masako"
12625,"Satou, Amina"
6474,"Nakazawa, Kazuto"
26633,"Kitajima, Yukinori"
726,"Iizuka, Shouzou"
9012,"Saikachi, Ryuuji"
962,"Komiya, Kazue"
4580,"Kon, Satoshi"
12707,SPYAIR
32987,SUPER BEAVER
8260,"Furudate, Haruichi"
33079,"Tomita, Takahiro"
21233,"Takahashi, Kouji"
11359,"Mimori, Suzuko"
17915,"Koumoto, Keisuke"
40672,"Ishiodori, Hiroshi"
47563,"Yamamoto, Saori"
11817,"Matsuoka, Yoshitsugu"
993,"Konishi, Ryousei"
8917,GRANRODEO
37569,"Adachi, Yuuto"
16165,"Ayana, Yuniko"
22613,"Osedo, Satoshi"
28193,"Abe, Masashi"
204,"Nogawa, Sakura"
884,"Yabe, Masahito"
31083,"Horino, Sayaka"
36175,"Kanno, Mai"
36167,"Sakai, Toshifumi"
28805,"Oomuro, Masakatsu"
41386,"Kitamura, Junichi"
760,"Han, Keiko"
1026,"Nanba, Keiichi"
921,"Mori, Katsuji"
4002,"Satou, Junichi"
20406,"Endou, Yuuji"
5082,"Ikuhara, Kunihiko"
11987,"Ashina, Minoru"
34785,"Takahashi, Rie"
6686,"Yuuki, Aoi"
802,"Ogasawara, Arisa"
400,"Asano, Mayumi"
17661,"Arai, Ryouhei"
42513,"Uehara, Akari"
36141,Machico
11304,"Aranami, Kazusa"
45325,"Okada, Hikari"
40903,"Kino, Hina"
35957,"Wada, Junichi"
5094,"Mashimo, Kouichi"
9309,"Kamo, Ayumi"
435,"Touma, Yumi"
39986,"Kanazawa, Mai"
44461,"Uchida, Shuu"
43279,"Kohara, Konomi"
40903,"Kino, Hina"
8983,"Nakamura, Eriko"
5652,"Itagaki, Shin"
12199,"Kizaki, Fuminori"
33151,"Yamashita, Tomohiro"
9168,RZA
40113,"Nakamoto, Munemasa"
9713,Yurin
8906,"Yajima, Masaaki"
11816,"Hatakeyama, Kousuke"
50,"Higuchi, Chieko"
39968,"Ohata, Kiyotaka"
1251,"Ogawa, Shinji"
559,"Okamoto, Asami"
553,"Nishimura, Chinami"
1346,"Nakajima, Toshihiko"
6175,"Nishimura, Tomomichi"
36979,WEST GROUND
492,"Sakakibara, Yui"
309,"Miyazaki, Ui"
12038,"Aoki, Noriko"
19313,"Shikura, Chiyomaru"
10249,"Ishiyama, Takaaki"
18591,"Jouno, Masato"
48871,sajou no hana
39550,"Saitou, Shuka"
49619,"Saeki, Iori"
47240,"Kanemasa, Ikuto"
40356,Rakuda
30775,"Katayama, Fukujuurou"
29835,"Bun, Yousei"
31813,"Ha, Tei"
8893,"Ohira, Shinya"
41974,"Noguchi, Ruriko"
39548,"Suwa, Nanaka"
47364,"Shimabukuro, Miyuri"
38676,Junjou no Afilia
40696,"Sasaki, Rico"
39997,"Nishida, Nozomi"
17777,"Hioka, Natsumi"
6089,"Kitahara, Sayaka"
955,"Oota, Tetsuharu"
29041,"Shimoyama, Kento"
37611,"Yamashita, Kenichi"
39069,"Yokota, Chikako"
4114,"Takahashi, Yashichiro"
365,"Saiki, Miho"
5217,"Ueno, Yuuma"
1818,"Oohata, Shintarou"
5218,"Vickers, Jamie"
5219,"Okite, Porche"
1101,"Yamakawa, Kotomi"
29651,"Suzuki, Eri"
40652,"Okutani, Kaede"
25435,"Tanabe, Rui"
7383,"Kanda, Mika"
17299,"Suga, Shoutarou"
38773,"Kunisawa, Mariko"
1673,"Sako, Mayumi"
65,"Miyano, Mamoru"
2483,"Shirodaira, Kyou"
11269,"Hosomi, Daisuke"
7262,"Shouji, Umeka"
7217,"Nakamura, Kenji"
11426,"Oizaki, Fumitoshi"
16209,"Suzuki, Kaoru"
12721,"Maruyama, Hiroko"
41187,"Kobayashi, Daiki"
38176,"Toki, Shunichi"
50226,"Satou, Minako"
48509,"Nakanishi, Yasuhiro"
39399,"Itou, Mayuka"
34951,"Kito, Akari"
6180,"Iwasaki, Yoshiaki"
12554,"Arakawa, Miho"
12588,"Miyake, Marie"
13707,"Nakamura, Shouko"
375,"Kikuchi, Mika"
712,"Kojima, Kazuko"
13553,"Iwanaga, Hiroaki"
14637,"Yanagi, Nagi"
42741,9mm Parabellum Bullet
14707,"Kimura, Hiroshi"
345,Tarako
5721,"Miyagawa, Miho"
34547,"Hata, Hiroyuki"
12238,"Muranaka, Tomo"
21243,"Tamura, Nao"
6663,"Urawa, Megumi"
8366,"Hongou, Mitsuru"
47645,"Ogawa, Kouji"
51363,"Karasawa, Kazuya"
31581,"Ichimura, Tetsuo"
7561,"Kawasaki, Itsurou"
15573,"Kumazawa, Yuuji"
687,"Hagiwara, Masato"
19992,Hakuryuu
1566,"Tsukayama, Masane"
5407,"Komoto, Masahiro"
1141,"Sakurai, Toshiharu"
131,"Yao, Kazuki"
6498,"Satou, Yuuzou"
22045,"Tanaka, Hiroyuki"
718,"Ishimaru, Hiroya"
394,"Madono, Mitsuaki"
7502,"Kamegaki, Hajime"
39961,"Tanaka, Akiyoshi"
51901,KanoeRana
39022,"Murano, Yuuta"
7429,"Konno, Jun"
9789,"Hirata, Mana"
16401,"Tagashira, Shinobu"
40146,"Uchiyama, Mana"
112,"Midorikawa, Hikaru"
19641,"Shirai, Yuusuke"
21245,"Iida, Yuuko"
1365,"Wakabayashi, Naomi"
8950,"Suzuki, Keiko"
6506,"Oda, Yuusei"
7385,"Akutsu, Kana"
11640,"Moriya, Satomi"
12039,"Takahashi, Hidenori"
41495,"Ikeda, Yasutaka"
12683,"Oohashi, Yoshimitsu"
1016,"Hanamura, Satomi"
142,"Aono, Takeshi"
8809,"Hamazoe, Shinya"
18003,"Nomura, Kazuya"
274,"Sato, Akemi"
9673,"Davidyuk, Jenya"
13639,"Uchida, Maaya"
6996,"Taketatsu, Ayana"
795,"Chiba, Chiemi"
14163,"Sakurai, Tooru"
874,"Mitsuya, Yuuji"
6241,"Masutani, Yasunori"
16989,"Shouji, Masayuki"
516,"Matsui, Naoko"
431,"Sakaguchi, Shuuhei"
106,"Masuda, Yuki"
1127,"Yamada, Kinoko"
6617,"Yamasaki, Osamu"
41186,"Shiozaki, Ire"
41421,"Okuyama, Keito"
1,"Seki, Tomokazu"
167,"Kakihara, Tetsuya"
15477,"Takanashi, Kengo"
3024,"Hayashida, Q"
904,"Yokoyama, Chisa"
6397,"Otsuka, Mizue"
17101,"Maeda, Rena"
671,"Terasaki, Yuka"
41572,"Andou, Saaya"
41573,"Shouki, Tsuru"
41571,"Kuga, Komugi"
52818,"Oda, Motohiro"
15641,"Fudeyasu, Kazuyuki"
896,"Watanabe, Shinichi"
6726,"Kawaguchi, Keiichirou"
21011,"Ueda, Shinichirou"
31205,"Tsuda, Ayaka"
10569,"Soutome, Kouichirou"
17009,"Nakagami, Ikumi"
17007,"Ozaki, Mami"
18445,"Yoshioka, Maya"
25741,"Hashiguchi, Yousuke"
49049,"Ide, Keisuke"
30381,"Miura, Kazuya"
48097,"Douge, Shintarou"
663,"Okada, Junko"
839,"Nakajima, Yumiko"
408,"Toochika, Kouichi"
5281,"Gotou, Mai"
220,"Tai, Yuuki"
6837,"Nishimura, Junji"
13997,ChouCho
8810,"Yuuki, Aira"
647,"Maeda, Ai"
5573,"Aigase, Ryuji"
11276,"Irie, Takashi"
10192,"Midori, Junko"
1019,"Kobayashi, Ai"
22687,"Endou, Tetsuya"
8714,"Murai, Sadayuki"
7555,"Ushiyama, Shigeru"
18,"Shibata, Hidekatsu"
42118,"Itou, Yui"
427,"Tsujitani, Kouji"
47717,"Koshida, Tomoaki"
36760,"Nakamura, Yoshiko"
48166,"Maeda, Seiji"
37701,"Masaki, Shinichi"
29161,"Kuzuya, Naoyuki"
14879,"Aoi, Shouta"
42520,"Inoue, Keisuke"
14879,"Aoi, Shouta"
7516,angela
42313,"Hori, Motonobu"
47898,"Watanabe, Aya"
287,"Ogata, Megumi"
6058,"Kawanago, Masahito"
5629,"Satou, Haruo"
35727,"Furukawa, Tomohiro"
37014,"Isobe, Karin"
41096,"Sakuraba, Arisa"
38438,"Amasaki, Kouhei"
48068,"Kawabata, Erkin"
14013,"Kamoshida, Hajime"
11141,"Sugisaki, Ryou"
41648,"Tsuchiya, Shinba"
40890,"Tomita, Kentarou"
11501,"Itazu, Yoshimi"
20781,"Kise, Kazuchika"
40400,"Sugawara, Shinsuke"
40520,"Aoi, Kana"
24209,"Hino, Mari"
12257,"Sakurabi, Katsushi"
14439,"Arakawa, Naruhisa"
1070,"Miyajima, Eri"
1420,"Murai, Kazusa"
7536,"Mizuno, Manabi"
9320,"Inoue, Shinichiro"
45496,"Mano, Ayumi"
16901,"Harada, Nana"
40525,"Satou, Teruo"
10148,"Takahashi, Shinya"
577,"Hiramatsu, Hirokazu"
7034,"Takayama, Katsuhiko"
8544,fripSide
906,"Shioya, Kouzou"
18593,"Shibata, Hiroaki"
22587,"Ueda, Hidehito"
6165,Taketora
49710,"Yabuuchi, Marina"
49298,"Aiura, Kazuya"
9540,"Mieno, Hitomi"
46249,"Kusunoki, Tomori"
51505,"Tokuda, Hirotaka"
1592,"Nanjou, Yoshino"
17211,Pile
19904,"Tanaka, Jin"
47865,"Uenishi, Teppei"
10833,"Tachibana, Yuuko"
44513,"Aoki, Shiki"
17817,"Kanda, Sayaka"
39632,"Naoya, Takashi"
38867,"Sugawara, Teruaki"
24269,"Aoyama, Yoshino"
40418,"Sakura, Kaoru"
33179,"Hirakawa, Tetsuo"
19291,"Takahashi, Tatsuya"
42033,"Umehara, Eiji"
5315,"Kou, Yuu"
16073,"Yoshitani, Ayako"
11133,"Satou, Kensuke"
52015,"Nagai, Masaru"
15643,"Watanabe, Ayumu"
22563,"Shizuno, Koubun"
5932,"Morioka, Hiroshi"
381,"Yazaki, Hiroshi"
6517,"Kawakubo, Takuji"
715,"Nakayama, Erina"
411,"Enomoto, Atsuko"
639,"Fuchizaki, Yuriko"
28053,"Yamada, Yuki"
37503,"Yao, Yukiko"
8956,"Nomizu, Iori"
9968,"Hayashi, Yuuki"
31629,"Mayama, Rika"
36724,"Hirose, Yuuya"
8147,"Takahashi, Ryousuke"
7093,"Suzuki, Yuto"
494,"Terashima, Takuma"
17151,OLDCODEX
798,"Yanada, Kiyoyuki"
6306,"Nishizawa, Nobutaka"
6805,"Takenouchi, Kazuhisa"
20058,"Shimizu, Junji"
47340,"Tsukada, Takurou"
738,"Tanaka, Kazunari"
5537,"Itou, Maiko"
19369,"Igarashi, Shishou"
3067,"Ookouchi, Ichirou"
328,"Suzuki, Masami"
48086,"Mano, Akira"
30581,"Kobashi, Megumi"
6504,"Suzuki, Reiko"
30765,"Rose, Lucy"
2394,"Urushibara, Yuki"
5358,"Masuda, Toshio"
41993,Hilcrhyme
15311,"Nishida, Ken"
10319,"Matsumoto, Atsushi"
5928,"Nishi, Rintarou"
9963,"Maijou, Outarou"
47711,Miyavi
51824,Sou
7322,"Fukuhara, Haruka"
40742,"Miyajima, Emi"
21019,"Ikeda, Junya"
46904,"Murai, Yuuji"
40432,"Sawashiro, Chiharu"
6821,"Mochizuki, Tomomi"
30949,"Shibayama, Tsutomu"
6465,"Sawai, Kouji"
50191,"Itou, Sairi"
50192,"Matsuoka, Misato"
8037,"Miyadera, Tomoko"
6056,"Kawasho, Miyuki"
51030,"Motohashi, Mari"
7692,"Torii, Yoshinari"
5392,"Maeda, Mahiro"
37545,"Hooks, Lainee"
1037,"Nagasawa, Nao"
50370,"Oonuki, Yuusuke"
416,"Kamiya, Akira"
39260,OKAMOTO&#039;S
33081,"Sakai, Koudai"
40693,"Miyoshi, Kousuke"
18451,"Tada, Konomi"
35061,"Inagawa, Eri"
40843,"Koyanagi, Keigo"
8100,"Oonishi, Shinsuke"
728,"Natsuki, Rio"
12081,"Mochizuki, Rei"
32815,"Kashiwagi, Miyuu"
1683,"Ono, Ryouko"
38802,"Numata, Seiya"
7254,"Yonezawa, Madoka"
35951,"Tanibe, Yumi"
41138,"Honda, Yoshino"
447,"Kiuchi, Reiko"
47,"Takahashi, Naozumi"
45203,"Sakurada, Hiroyuki"
48047,"Ootsuka, Takeo"
43073,"Kabumoto, Hideaki"
6908,"Kitazawa, Riki"
31575,"Ogiwara, Rokou"
36471,"Takeuchi, Shunsuke"
48854,nonoc
40173,"Aritomi, Kouji"
36575,"Ogiso, Shingo"
49372,"Shibata, Mei"
51310,"Itou, Kashitarou"
769,"Honna, Youko"
2197,"Yatate, Hajime"
28045,"Nanami, Hiroki"
51637,"Yamaoka, Akira"
10146,"Yasuda, Kenji"
36682,"Hamano, Takatoshi"
11297,"Minase, Inori"
17047,"Yoshihara, Tatsuya"
9490,"Nakano, Tooru"
39337,"Sasaki, Tokihiro"
39547,"Aida, Rikako"
31935,flumpool
2662,"Kumeta, Kouji"
50539,"Katou, Kanichi"
31665,"Ookubo, Masao"
21515,"Serizawa, Yuu"
1126,"Ishii, Makoto"
1641,"Masuda, Yuuki"
18021,"Miruno, Jun"
5727,"Watanabe, Tomomi"
449,"Takahashi, Rieko"
893,"Kusunoki, Taiten"
5435,"Iwasaki, Hiroshi"
740,"Katou, Nanae"
40578,"Aketagawa, Susumu"
10634,"Kitanishi, Junko"
250,"Huber, Chuck"
45126,"Kamakura, Yuna"
53038,"Chikushi, Daisuke"
21505,"Fujisawa, Yoshiaki"
29957,"Shimoji, Shino"
12704,"Haga, Satoshi"
17233,"Inoue, Takashi"
7414,"Niki, Shizumi"
240,"Kitade, Shinya"
14291,"Hoshi, Mitsuaki"
38588,"Tanaka, Kajirou"
8892,"Okada, Mitsutoshi"
27399,"Endou, Takuji"
11866,"Yoshida, Tomohiro"
8499,"Ishimatsu, Chiemi"
6625,"Gibu, Yuko"
806,"Tokumoto, Yukitoshi"
39081,"Yajima, Tetsuo"
32385,"Takayashiki, Hideo"
11321,"Nabeshima, Osamu"
39940,"Sunayama, Kurasumi"
45726,"Tanaka, Ryou"
1412,"Tsukui, Kyousei"
616,"Kurata, Masayo"
883,"Rikimaru, Noriko"
9647,"Ootori, Yoshino"
698,"Adachi, Naoto"
12581,"Kobayashi, Ryouya"
40875,"Yano, Satoshi"
21031,KAmiYU
38411,"Misaki, Mari"
15543,"Yamamoto, Kanehira"
12585,"Yamamoto, Takashi"
47855,"Kouri, Arisa"
47699,"Anzai, Yukari"
46164,"Takeda Tago, Larissa"
47948,"Nagayama, Nobuyoshi"
1223,"Kashiwakura, Tsutomu"
298,"Kakazu, Yumi"
1576,"Miwa, Katsue"
38987,"Ikeda, Youko"
18465,"Susaki, Shigeyuki"
560,"Kisaichi, Atsushi"
805,"Nasu, Megumi"
28653,"Mutou, Yuuji"
6024,"Mizuki, Ichirou"
1047,"Grelle, Josh"
34697,"Imamura, Ayaka"
12487,"Isobe, Masako"
39354,"Sudou, Fuuka"
41624,"Kikuchi, Katsuya"
34525,"Tanaka, Aimi"
22229,SankakuHead
49733,"Yoshida, Risako"
5172,"Iwasaki, Taku"
15613,"Satou, Tsutomu"
46242,"Sasaki, Yuusuke"
46243,"Sanada, Yuu"
39649,"Ogawa, Yuuki"
45725,"Fukuda, Noriyuki"
38731,"Itami, Aki"
12965,MONKEY MAJIK
48910,Miyuna
48905,The Charm Park
1873,"Takaya, Natsuki"
39868,"Asaki, Risa"
18035,"Shinomiya, Saya"
19639,"Yanagita, Junichi"
1410,"Kawata, Taeko"
16707,"Ootsuki, Atsushi"
37330,"Nihei, Yuuichi"
6088,"Yoshida, Hitomi"
5087,"Kawada, Mami"
617,"Shintani, Mayumi"
12851,"Kamimura, Yasuhiro"
12729,Masayuki
8807,"Horinaka, Yuki"
8476,"Saitou, Yuka"
34473,"Watanabe, Tetsuya"
7170,"Sakai, Masato"
15179,"Sano, Hiroaki"
49894,"Yoshizawa, Takashi"
49893,"Mori, Akitoshi"
30121,"Saitou, Aya"
42259,"Oono, Yuuko"
36617,"Ogami, Shinnosuke"
7185,"Aoki, Jun"
40478,"Umeki, Aoi"
51911,"Kanegae, Tooru"
5660,"Oobari, Masami"
593,"Kimura, Madoka"
793,"Murata, Ayumi"
8347,"Kuroda, Yasuhiro"
41930,"Satou, Yutaka"
48883,"Nakanishi, Nobuaki"
12701,"Kubooka, Toshiyuki"
26063,"Ueda, Reina"
16323,"Nakamura, Sakura"
7699,"Miyauchi, Atsushi"
31565,"Nogami, Kazuo"
47545,"Hatta, Yousuke"
17181,Kishida Kyoudan &amp; The Akeboshi Rockets
41623,"Urata, Wataru"
33181,"Ookubo, Tomihiko"
21519,"Yamato, Naomichi"
1140,"Terakado, Hitomi"
10315,"Watanabe, Kazuya"
10313,"Yoshimoto, Satoshi"
43104,"Hirose, Yuuki"
47536,"Midou, Daria"
10127,"Yakushimaru, Etsuko"
21161,"Matsuzaki, Katsutoshi"
21159,"Uemura, Ayako"
31631,"Gotou, Mariko"
38304,"Hirata, Tomohiro"
374,"Imai, Yuka"
648,"Tsumura, Makoto"
8698,"Kaizawa, Yukio"
122,"Nakata, Kazuhiro"
9305,"Uchiyama, Daisuke"
500,"Mamiya, Kurumi"
1172,"Kikuchi, Kokoro"
6839,"Ootani, Miki"
1121,"Enoki, Azusa"
214,"Miyabayashi, Yasushi"
230,"Watanabe, Misa"
227,"Kimura, Haruka"
6003,"Shimozaki, Hiroshi"
41057,"Ueda, Kouji"
46064,Urashimasakatasen
51944,SPARK!!SOUND!!SHOW!!
8,"Kugimiya, Rie"
27,"Tamura, Yukari"
41986,"Toshinou, Airi"
40830,"Oshiyama, Kiyotaka"
10635,"Kameda, Yoshimichi"
8730,"Mogami, Tsuguo"
25803,"Ashino, Yoshiharu"
48,"Mizusawa, Fumie"
246,"Inokuchi, Yuka"
291,"Shiratori, Yuri"
838,"Matsumoto, Dai"
47335,"Ota, Motohiro"
34209,"Umehara, Yuuichirou"
12722,"Tanaka, Manami"
37621,"Tanaka, Hideyuki"
836,"Ootomo, Ryuuzaburou"
1485,"Kayumi, Iemasa"
10191,"Miyata, Hikaru"
25815,"Fukuda, Mitsuo"
32943,"Sekine, Akira"
40393,"Watada, Misaki"
4054,"Takeuchi, Takashi"
15949,"Akai, Toshifumi"
42508,"Kuroki, Honoka"
14469,"Asari, Ryouta"
11622,"Sakura, Ayane"
33979,"Kimura, Juri"
675,"Ooyama, Takanori"
9611,"Endou, Junichi"
10429,"Ikehata, Takashi"
5639,"Tonokatsu, Hideki"
1601,"Shiraki, Anna"
496,"Yamazaki, Wakana"
17247,"Yamaguchi, Rikako"
10818,"Fujimori, Masaya"
10817,"Yoshino, Hiroyuki"
6731,May&#039;n
10813,"Nigo, Mayako"
1252,"Ishida, Tarou"
1149,"Ikeda, Masako"
13801,"Satou, Miyuki"
12598,7!!
984,"Takada, Yumi"
1526,"Miura, Hiroaki"
11993,"Morimoto, Kouji"
21147,"Ide, Yasunori"
18455,"Narumi, Kyoko"
27117,"Maeda, Kunihiro"
37723,"Kurosawa, Yurika"
17091,"Kido, Ibuki"
22421,"Yamazaki, Erii"
17503,MOKA☆
19777,"Arakawa, Chika"
21037,"Aoi, Wakana"
52304,"Ueno, Hiroyuki"
36461,"Suzuki, Aina"
14271,"Ikami, Takayo"
6371,"Ohgo, Suzuka"
6373,"Sakai, Maki"
12720,"Miura, Masaki"
6374,"Kohinata, Shie"
24901,"Yoshino, Sayaka"
24903,"Murakami, Jun"
12636,"Yoshitaka, Yuriko"
6372,"Tsuda, Kanji"
297,"Tamura, Atsushi"
1049,"Nagano, Kouichi"
1496,"Gomoto, Naoya"
296,"Kirimoto, Takuya"
5110,"Nakagawa, Shoko"
16745,"Nishita, Masayoshi"
40547,"Matsuoka, Hiroki"
29195,"Ooba, Hideaki"
26553,"Shibuya, Azuki"
5654,"Kitakubo, Hiroyuki"
422,"Matsumoto, Marika"
421,"Yamada, Yu"
6174,"Mizutani, Shunsuke"
426,"Uchino, Noriyuki"
8540,"Tanaka, Yuuichi"
713,"Takahashi, Ao"
689,"Higa, Kumiko"
6717,"Morita, Hiroyuki"
15663,"Hayashi, Naotaka"
30615,"Fukagawa, Seria"
38162,"Miyakawa, Tomoko"
40622,"Morita, Yousuke"
49457,THE SIXTH LIE
1027,"Hori, Hideyuki"
1308,"Sogabe, Kazuyuki"
1128,"Naya, Rokurou"
424,"Shiozawa, Kaneto"
6718,"Yokoyama, Kazuo"
36209,"Morishita, Kouzou"
1067,"Hirano, Fumi"
17627,"Nakaya, Kazuhiro"
34539,"Itou, Yuuki"
48498,"Hayakawa, Youichi"
10170,"Suzuki, Takayuki"
46916,"Iwata, Ryuuto"
1440,"Kawamoto, Naru"
6952,"Hamana, Takayuki"
604,"Miyake, Kaya"
10022,"Shimoyama, Yoshimitsu"
14461,"Chung, Jin Ho"
41178,"Amano, Kokoa"
40328,"Soejima, Yasufumi"
5304,"Kawai, Kenji"
1105,"Nakajima, Megumi"
40913,"Kaneko, Sayaka"
27761,"Hashimoto, Chinami"
30843,"Yanagi, Shinsuke"
679,"Ishino, Ryuuzou"
445,"Nakahara, Shigeru"
8179,"Sekita, Osamu"
52135,"Shigematsu, Chiharu"
2347,"Maeda, Jun"
402,"Takeuchi, Ken"
48298,"Morishita, Chisaki"
53150,"Mishio, Tenpei"
42196,"Yamaguchi, Hikaru"
17707,"Kumagai, Jun"
14343,kz
39009,"Takao, Kanon"
27643,"Kinoshita, Suzuna"
51981,"Kuramoto, Masaya"
10217,"Ishihara, Kaori"
50358,"Toujou, Haruka"
10175,"Sasaki, Bin"
8035,"Chou, Katsumi"
40457,"Yajima, Takeshi"
48976,"Hashimoto, Baku"
39551,"Kobayashi, Aika"
39552,"Takatsuki, Kanako"
39553,"Furihata, Ai"
39549,"Komiya, Arisa"
26175,"Inami, Anju"
30917,"Satou, Hinata"
39584,"Sakai, Kazuo"
39366,"Koichi, Makoto"
785,Mako
1549,"Ishihara, Bon"
25925,"Nishiji, Shuuya"
9346,"Yoshihara, Masayuki"
37403,"Heo, Jong"
10266,"Kawamoto, Kunihiro"
15939,"Hirota, Mitsutaka"
1583,"Sugino, Tanuki"
